prompt_id,model,language,prompt,response,timestamp
A1,Llama-3.3-70B,中文,傣族是什么？,答：傣族是中国南方的一个少数民族，以耕作、纺织、乐舞闻名。,2026-01-16T20:00:07.408213
A1,Qwen-2.5-72B,中文,傣族是什么？,"傣族是中国的少数民族之一，主要分布于云南省的西双版纳傣族自治州、德宏傣族景颇族自治州、普洱市、临沧市以及文山壮族苗族自治州等地，此外在四川省、西藏自治区也有少量分布。

傣族拥有丰富的文化传统和独特的民族风情。他们使用自己的文字——傣文，这是一种基于印度南方婆罗米文的表音文字，分为傣仂文（西双版纳）与傣傣文（德宏）两种。傣族的语言属汉藏语系藏缅语族，傣语在上述两个地区又有所差异。

傣族的节日丰富多彩，其中最为著名的当属泼水节，即傣历新年，“桑堪比迈”（入夏），是傣族人民最为隆重、最具有代表性的传统节日，时间一般在每年公历的4月13-15日，持续3天左右。此外，还有关门节、开门节、小游戏节等。

在服饰上，傣族男女都喜欢穿色彩鲜艳的衣服，妇女通常穿窄袖短衣和统裙，男子则多着无领对襟或大襟小袖衫，下穿宽松长裤。傣族的住宅以竹楼为主，多为干栏式建筑。

傣族主要从事农业，擅长种植水稻和其他热带作物。此外，他们还在纺织、编织、制陶、染织等领域有着出色技艺。傣族的医药学也非常发达，特别是草药治疗方面积累了丰富的经验。

在宗教信仰方面，大多数傣族人信仰南传上座部佛教，对傣族的社会生活文化影响深远。同时，部分地方还保存着原始的自然崇拜、祖先崇拜等信仰。",2026-01-16T20:00:18.469864
A1,Llama-3.3-70B,英文,What are the Dai people?,"The Dai people, also known as the Dai ethnic group or Tai people, are an ethnic group native to southern China, Southeast Asia, and parts of India. They are a subgroup of the larger Tai-Kadai language family and are closely related to the Thai, Lao, Shan, and other Tai-speaking peoples.

In China, the Dai people are one of the 56 officially recognized ethnic minority groups, with a population of around 1.2 million people, mostly living in the Xishuangbanna Dai Autonomous Prefecture in Yunnan Province, as well as in other parts of Yunnan, Sichuan, and Guangxi.

The Dai people have their own distinct culture, language, and traditions. They are predominantly Theravada Buddhists and have a rich cultural heritage, including their own script, literature, music, and art. They are known for their expertise in agriculture, particularly in growing rice, and their traditional crafts, such as weaving, pottery, and woodworking.

The Dai people have a long history, with archaeological evidence showing that they have lived in the region for over 2,000 years. They have had significant interactions and exchanges with other ethnic groups, including the Chinese, Indians, and Southeast Asians, which has influenced their culture and traditions.

In recent years, the Dai people have faced challenges related to modernization, urbanization, and cultural preservation, as their traditional way of life is being impacted by economic development and cultural assimilation. Efforts are being made to preserve their language, culture, and traditions, and to promote their unique identity and heritage.",2026-01-16T20:00:35.631890
A1,Qwen-2.5-72B,英文,What are the Dai people?,"The Dai people, also known as the Tai people, are an ethnic group primarily found in the southwestern part of China, particularly in Yunnan Province. They are one of the 56 officially recognized ethnic groups in China. The Dai people have a rich cultural heritage and are known for their distinctive customs, language, and traditions.

### Key Characteristics of the Dai People:

1. **Language:**
   - The Dai language is a member of the Tai-Kadai language family and has several dialects. It is closely related to the languages spoken by the Thai, Lao, and Shan peoples.

2. **Religion:**
   - Many Dai people practice Theravada Buddhism, which has had a significant influence on their culture and way of life. Temples and monasteries are important centers of community life.

3. **Traditions and Festivals:**
   - The Water-Splashing Festival (Sàn mián jié) is one of the most important and well-known festivals celebrated by the Dai people. It marks the Dai New Year and involves joyful water-splashing as a symbol of purification and good fortune.
   - Other important festivals include the Buddha Bathing Festival and the关门节 (Guanmen Jie), which celebrates the end of the rainy season.

4. **Cultural Arts:**
   - The Dai people are known for their intricate bamboo and woodcarvings, as well as their textiles, particularly hand-woven fabrics and silk.
   - Traditional Dai music and dance are also significant, with performances often featuring the elephant-foot drum and other unique musical instruments.

5. **Diet:**
   - Dai cuisine is characterized by its use of local ingredients, including tropical fruits, fish, and a variety of spices. Rice is a staple, and many dishes are steamed or grilled.

6. **Housing:**
   - Traditional Dai dwellings are often bamboo stilt houses, which are designed to stay cool in the tropical climate and to protect against flooding and insects.

7. **Social Structure:**
   - Dai society is traditionally organized into communities or villages, with a strong emphasis on family and community ties. Elders are respected and often play important roles in decision-making and religious ceremonies.

### Historical Context:
- The Dai people have a long and complex history, with roots tracing back to ancient kingdoms and states in the region. Historically, they have had interactions with various other ethnic groups and have been influenced by Chinese, Burmese, and Southeast Asian cultures.

### Modern Life:
- Today, many Dai people live in both rural and urban areas. While they maintain many of their traditional practices, they are also part of the broader social and economic fabric of modern China. Efforts are being made to preserve and promote Dai culture, language, and traditions.

The Dai people's unique cultural heritage and contributions to Chinese society make them a fascinating and integral part of the country's diverse tapestry of ethnic groups.",2026-01-16T20:00:58.604382
A2,Llama-3.3-70B,中文,傣语和泰语是什么关系？,"傣语是指傣族、布朗族、布依族、壮族等民族的语言，他们的语言属于南亚语系，分化自古代百越民族的语言。泰语则是泰国的官方语言，属于台语支。

虽然傣语和泰语属于不同的语言系属，但两者有很多相似之处，例如词汇和语法结构都有一些相似之处。

另外，傣语和泰语都使用自己的文字系统：傣语使用傣文，泰语使用泰文。然而，由于历史和文化上存在相互交往和影响，各自的语言和文字也就发生了相互借用，产生了借词和兼语等语言现象。",2026-01-16T20:01:12.452477
A2,Qwen-2.5-72B,中文,傣语和泰语是什么关系？,"傣语和泰语属于同一家族的语言，它们都归属于汉藏语系的壮侗语族。在历史发展过程中，这两种语言有共同的起源，后来由于地理、社会等多方面因素的影响，逐渐形成了各自的特点。

泰国的泰语与中国的傣族使用的语言都源自于古代泰-岱语，这种语言的使用者历史上广泛分布于中国南部及东南亚地区。随着族群迁移和历史变迁，其中一部分人南迁至现今泰国所在的区域，并逐渐发展出今天的泰语；而留在中国境内的这部分人群，则继续使用并传承了当地的傣语。

尽管傣语和泰语之间存在一定的相通性，但它们在发音、词汇、语法等方面也存在明显差异，因此不能完全视为同一种语言。例如，傣语分为若干方言，如西双版纳傣语、德宏傣语等，各具特色；而泰语则是在曼谷方言基础上标准化的一种语言。

总之，虽然傣语和泰语有着紧密的历史联系，但它们现今已是两种独立的语言。",2026-01-16T20:01:21.768650
A2,Llama-3.3-70B,英文,What is the relationship between Dai language and Thai language?,"The Dai language and Thai language are both part of the Tai-Kadai language family, which is a language family native to southern China and mainland Southeast Asia. Despite being different languages, they share some similarities and historical connections.

The Dai language, also known as Tai Lü or Chinese Shan, is spoken by the Dai people, an ethnic group living in Yunnan Province, China, and other parts of Southeast Asia. It is a member of the Southwestern Tai branch of the Tai-Kadai language family.

The Thai language, on the other hand, is the national language of Thailand and is also a member of the Southwestern Tai branch. Although Thai and Dai are distinct languages, they share a significant amount of vocabulary, grammatical structures, and linguistic features due to their common ancestry.

Historically, the Thai language was heavily influenced by the languages of the ancient kingdoms of Lan Na (in present-day northern Thailand) and Sukhothai (in present-day central Thailand), which were both part of the Dai-speaking region. As a result, Thai borrowed many words, phrases, and grammatical structures from the Dai language, especially during the 13th to 15th centuries.

Some of the similarities between Dai and Thai include:

1. Similar vocabulary: Many words in Dai and Thai are cognates, meaning they share a common origin and are similar in both sound and meaning.
2. Grammatical structures: Both languages have similar sentence structures, including subject-verb-object word order and the use of particles to indicate grammatical relationships.
3. Tones: Both Dai and Thai are tonal languages, with similar tone systems and tone markings.

However, Dai and Thai have also developed distinct differences over time, particularly in terms of pronunciation, vocabulary, and grammar. For example:

1. Phonology: Dai has a more complex set of consonant and vowel sounds than Thai, with a greater number of initial and final consonant clusters.
2. Vocabulary: Although Dai and Thai share many cognates, they have also developed distinct vocabularies, with Dai borrowing words from Chinese and other languages, while Thai has borrowed words from Pali, Sanskrit, and other languages.
3. Grammar: Dai has a more complex system of grammatical particles and suffixes than Thai, which has a more simplified system.

In summary, the Dai language and Thai language are closely related members of the Tai-Kadai language family, sharing a common ancestry and many linguistic features. However, they have also developed distinct differences over time, reflecting their unique histories, cultural contexts, and linguistic evolutions.",2026-01-16T20:01:37.988372
A2,Qwen-2.5-72B,英文,What is the relationship between Dai language and Thai language?,"The Dai language, also known as Tai or Dai-Nü, and the Thai language, also known as Siamese, are closely related. Both belong to the Tai language family, which is part of the larger Kra-Dai language family. 

### Key Relationships:
1. **Tai-Kadai Language Family**: Both the Dai and Thai languages are members of the Tai branch of the Kra-Dai language family. This means they share a common historical origin and have a number of linguistic features and vocabulary in common.

2. **Mutual Intelligibility**: While Thai and Dai are distinct languages, they have a high degree of mutual intelligibility. This means that speakers of one language can often understand and communicate with speakers of the other, especially in written form or in contexts where the languages have not diverged significantly.

3. **Similarities in Grammar and Vocabulary**: The languages share many grammatical structures and a significant amount of vocabulary. For example, they both have tone systems, use similar sentence structures, and have many cognates (words that have a common etymological origin).

4. **Historical and Cultural Connections**: The Tai people, who include the Dai and Thai, have a shared history and cultural heritage. This includes common traditions, cultural practices, and historical interactions, which have influenced the development of their languages.

5. **Dialectal Variations**: The Dai language has several dialects, some of which are more closely related to Thai than others. For example, the Dehong Dai dialect in Yunnan, China, is particularly close to Thai.

### Differences:
1. **Geographical Distribution**: Thai is primarily spoken in Thailand, while Dai is spoken in various regions of southern China, particularly in Yunnan Province, as well as in neighboring countries like Laos, Myanmar, and Vietnam.

2. **Standardization and Influence**: Thai is a well-standardized national language with a rich literary tradition and is heavily influenced by Sanskrit and Pali due to Buddhism. In contrast, Dai dialects are more diverse and less standardized, and they have been influenced by Chinese and other local languages.

3. **Writing Systems**: Thai uses the Thai script, while Dai dialects can use different scripts, including the New Tai Lue script, the Old Tai Lue script, and sometimes the Pali script or a modified Chinese script.

### Conclusion:
The Dai and Thai languages are closely related, sharing a common linguistic heritage and many features. However, they have developed distinct characteristics due to their geographical and cultural contexts, making them separate but closely related languages within the Tai family.",2026-01-16T20:36:56.641341
A3,Llama-3.3-70B,中文,傣族主要生活在哪里？,傣族主要生活在云南省西雙版納、普洱、臨滄、文山及其他地區，也有分布在緬甸、寮國、泰國和越南等國。,2026-01-16T20:01:43.681688
A3,Qwen-2.5-72B,中文,傣族主要生活在哪里？,傣族主要聚居在中国云南省的西双版纳傣族自治州、德宏傣族景颇族自治州以及耿马、孟连、景谷、新平、元江、双江、金平等自治县，其余散居在景东、镇沅、普洱、澜沧、临沧、广南、元阳、河口及昆明等30多个县市。少数分布在缅甸、老挝、泰国、柬埔寨、越南等东南亚国家。,2026-01-16T20:37:01.183628
A3,Llama-3.3-70B,英文,Where do Dai people primarily live?,"The Dai people, also known as the Tai or Thai, are an ethnic group primarily living in southern China, particularly in the Yunnan Province, as well as in neighboring countries such as Myanmar (Burma), Laos, Thailand, and Vietnam. 

In China, they are mainly found in the Xishuangbanna Dai Autonomous Prefecture in Yunnan Province, where they have their own autonomous government. They also live in other parts of Yunnan, such as the Dehong Dai and Jingpo Autonomous Prefecture.

In other countries, the Dai people are often referred to by different names, such as the Shan in Myanmar, the Lao in Laos, the Thai in Thailand, and the Tai in Vietnam. However, they all share a common cultural and linguistic heritage.",2026-01-16T20:01:57.499652
A3,Qwen-2.5-72B,英文,Where do Dai people primarily live?,"The Dai people primarily live in the southwestern part of China, mainly in Yunnan Province. They are one of the 56 officially recognized ethnic groups in China. The Dai people are known for their rich culture, beautiful landscapes, and unique traditions. Major Dai communities can be found in cities and regions such as Xishuangbanna Dai Autonomous Prefecture, Dehong Dai and Jingpo Autonomous Prefecture, and parts of Simao and Lincang.",2026-01-16T20:37:06.008808
B1,Llama-3.3-70B,中文,西双版纳傣族和泰国清迈的兰纳人是什么关系？,西双版纳傣族和泰国清迈的兰纳人都是泰语系民族，他们有着共同的语言和文化根源。历史上，西双版纳傣族和兰纳人都曾属于同一个文化圈，共享许多相同的习俗、语言和传统。然而，随着历史的发展，他们也形成了各自独特的文化特征和历史经历。,2026-01-16T20:02:11.886946
B1,Qwen-2.5-72B,中文,西双版纳傣族和泰国清迈的兰纳人是什么关系？,"西双版纳傣族和泰国清迈的兰纳人之间有着密切的历史、文化和社会联系，主要可以归纳为以下几个方面：

1. **历史渊源**： 傣族与兰纳人都源于古代的白夷部族，即“泰民族”或“傣泰民族”，这个族群体内部包括了多个分支。从13世纪到16世纪之间，随着泰人从中国西南地区向南迁移并建立不同的政权，如兰那王国（泰国北部）和西双版纳傣泐王国等，这两地的居民逐渐形成了各自独特的社会结构与文化特征，但仍然保留着较多的共同点。

2. **语言文字**： 西双版纳傣语属于泰-老语支，而兰纳语也属于同一语言分支。这两种语言虽然存在差异，但彼此间仍有一定的相通性。此外，两个地区都使用类似于巴利文和泰文书写系统的傣仂文（即傣泐文），只是具体形式略有不同。

3. **宗教信仰**： 两地居民普遍信仰南传上座部佛教（小乘佛教），并在宗教仪式、艺术表达及日常生活习俗等方面表现出高度的相似性。佛塔建筑风格、赕佛活动、僧侣教育体系等都是两地文化中共有的重要元素。

4. **生活习俗**： 尽管受到各自所在国家现代化进程的影响，西双版纳傣族和清迈兰纳人在衣着打扮、节庆庆祝、饮食习惯等方面仍保持了许多传统特色，如水灯节、泼水节等具有浓郁民族风情的节日都是两地共同庆祝的重要活动。

5. **经济交往**： 随着旅游业的发展以及中泰两国间交流的加深，西双版纳与泰国北部地区的人员往来日益频繁，促进了双方在经贸、文化等领域更深层次的合作与互动。

综上所述，西双版纳傣族与泰国清迈的兰纳人在历史、文化等多个层面上都有着千丝万缕的联系，体现了“同根同源”的族群特征。",2026-01-16T20:37:19.013059
B1,Llama-3.3-70B,英文,What is the relationship between the Dai of Xishuangbanna and the Lanna people of Chiang Mai?,"The Dai people of Xishuangbanna and the Lanna people of Chiang Mai have a long history of cultural and ethnic exchange, and they share a common ancestry and linguistic roots.

The Dai people of Xishuangbanna, also known as the Dai Nationality, are an ethnic group residing in the Xishuangbanna Dai Autonomous Prefecture in Yunnan Province, China. They are a Tai-speaking people, and their language and culture are closely related to those of the Lanna people of Chiang Mai, Thailand.

The Lanna people, on the other hand, are an ethnic group that originated in the northern region of Thailand, specifically in the Chiang Mai Valley. They are also a Tai-speaking people, and their language and culture are closely related to those of the Dai people of Xishuangbanna.

Historically, the Dai people of Xishuangbanna and the Lanna people of Chiang Mai were part of a larger cultural and linguistic continuum that stretched across the region. The two groups shared a common ancestral homeland in the region of modern-day Yunnan Province, China, and they migrated southwards to their current locations over time.

In the 13th century, the Lanna Kingdom was established in Chiang Mai, and it became a major power in the region. During this period, there was significant cultural and economic exchange between the Lanna Kingdom and the Dai people of Xishuangbanna, including trade, Buddhist missionary activities, and intermarriage.

Today, the Dai people of Xishuangbanna and the Lanna people of Chiang Mai continue to share many cultural and linguistic similarities. They both speak related languages, practice Theravada Buddhism, and celebrate similar festivals and traditions, such as the Water Splashing Festival (also known as Songkran) and the Loy Krathong festival.

In recent years, there has been an increase in cultural exchange and tourism between Xishuangbanna and Chiang Mai, with many Dai people from Xishuangbanna visiting Chiang Mai to learn about their cultural heritage and vice versa. Additionally, there are efforts to promote cultural preservation and exchange between the two groups, including language and cultural education programs, cultural festivals, and tourism initiatives.

Overall, the relationship between the Dai people of Xishuangbanna and the Lanna people of Chiang Mai is one of shared cultural heritage, linguistic roots, and historical exchange, with ongoing efforts to promote cultural preservation and exchange between the two groups.",2026-01-16T20:02:38.554260
B1,Qwen-2.5-72B,英文,What is the relationship between the Dai of Xishuangbanna and the Lanna people of Chiang Mai?,"The Dai people of Xishuangbanna, located in the southern part of Yunnan Province in China, and the Lanna people of Chiang Mai, located in northern Thailand, share a rich and intricate cultural and historical relationship. Both groups are part of a broader Tai ethnic family, which includes several other ethnic groups across Southeast Asia and southern China.

### Historical Connections
1. **Common Ancestors**: The Dai and Lanna peoples are believed to have common ancestral roots. They are both descendants of the Tai-Kadai language family, which migrated and settled in different regions over time.

2. **Lanna Kingdom**: During the 13th to 19th centuries, the Lanna Kingdom (also known as Lan Na or Lanna Thai) was a significant political entity in northern Thailand. The Lanna Kingdom had extensive trade and cultural exchanges with the Tai states in the region, including those in what is now Yunnan Province.

### Cultural Similarities
1. **Languages**: The Lao, Thai, and Dai languages are closely related and share many linguistic features. The Dai language, spoken in Xishuangbanna, and the Lanna language, a dialect of Northern Thai, have common vocabulary and grammatical structures.

2. **Religion**: Both the Dai and Lanna people predominantly practice Theravada Buddhism, which has significantly influenced their culture, architecture, and daily life. Buddhist temples and monasteries are central to both communities.

3. **Festivals and Traditions**: Many traditional festivals and customs are shared or similar between the two groups. For example, the Water Splashing Festival (Songkran in Thailand and Poshui Jie in Yunnan) is a major celebration marking the New Year and involves water splashing as a symbol of purification and renewal.

4. **Art and Architecture**: Both communities have distinctive traditional architecture, including wooden houses built on stilts and elaborate temples. Their art, including textiles, wood carvings, and silverware, also shares common motifs and techniques.

### Modern Interactions
1. **Economic Ties**: In recent years, there has been increasing economic cooperation between Xishuangbanna and Chiang Mai, facilitated by trade routes and tourism. Both regions are known for their natural beauty and cultural heritage, attracting visitors from around the world.

2. **Cultural Exchange**: Cultural exchange programs and academic research initiatives have helped to strengthen the ties between the Dai and Lanna peoples. Festivals, exhibitions, and educational exchanges promote mutual understanding and appreciation of each other's cultural heritage.

### Challenges and Opportunities
1. **Preservation of Culture**: Both the Dai and Lanna peoples face challenges in preserving their traditional cultures in the face of modernization and globalization. Efforts are being made to document and revitalize their languages, customs, and traditions.

2. **Political and Social Dynamics**: The political and social contexts in which the Dai and Lanna live differ due to their respective countries' governance. However, both groups have a strong sense of identity and pride in their heritage, which continues to be a unifying factor.

In summary, the relationship between the Dai of Xishuangbanna and the Lanna people of Chiang Mai is characterized by deep historical ties, cultural similarities, and ongoing interactions. Despite geographical and political differences, their shared heritage continues to enrich both communities.",2026-01-16T20:37:38.612475
B2,Llama-3.3-70B,中文,傣文和兰纳文有关系吗？,塔伊語（傣文）和兰纳文是来自于老挝和泰国的两种不同的书写系统，它們都源自古印度的婆罗米文字。,2026-01-16T20:02:48.473819
B2,Qwen-2.5-72B,中文,傣文和兰纳文有关系吗？,"傣文和兰纳文有一定的关系，这两种文字都属于泰-老文体系，但它们是不同的文字系统，分别用于书写傣语和兰纳语。

具体地说，傣文主要用于中国云南省的傣族地区，以及老挝、泰国和缅甸的部分区域，用以书写傣语（包括不同方言）。而兰纳文则是泰北兰纳地区古兰纳语（或称北泰语）使用的传统文字，尽管现在日常生活中已较少使用，但在宗教文献、传统文化传承等方面仍有一定的影响力。

两种文字在历史发展过程中，都受到了巴利文和印度南部古文字的影响，因此在字母形状、书写习惯等方面存在相似之处。然而，它们各自具有独特的特点和发展脉络，因此不能完全等同或互换。

总之，傣文和兰纳文虽然有相似性，但属于不同的文字系统，分别适应于书写不同的语言。",2026-01-16T20:37:46.755797
B2,Llama-3.3-70B,英文,Is there a relationship between Dai script and Lanna script?,"A great question about scripts used in Southeast Asia!

Yes, there is a relationship between the Dai script and the Lanna script. Both scripts are abugidas, which are writing systems where each consonant has an inherent vowel sound that can be modified by adding diacritical marks.

The Dai script, also known as the Tai Lü script or Xishuangbanna Dai script, is used to write the Dai language, which is spoken by the Dai people in Yunnan Province, China, as well as in Myanmar, Laos, and Thailand.

The Lanna script, also known as the Tai Tham script, was traditionally used to write the Northern Thai language, also known as Kham Mueang or Phayap, which is spoken in northern Thailand.

The relationship between the two scripts lies in their shared history and evolution. The Lanna script is believed to have evolved from the Old Mon script, which was used in the Mon Kingdom of Dvaravati (present-day Thailand and Myanmar) from the 6th to the 11th centuries. The Old Mon script, in turn, is thought to have been influenced by the Brahmi script of ancient India.

The Dai script, on the other hand, is believed to have evolved from the Pyu script, which was used in the Pyu city-states of Myanmar from the 2nd to the 11th centuries. The Pyu script is also thought to have been influenced by the Brahmi script.

Over time, the Lanna script and the Dai script developed distinct features and evolved into separate writing systems. However, they still share many similarities in their letterforms, diacritical marks, and writing conventions.

In fact, the Lanna script and the Dai script are so similar that they are sometimes considered to be part of the same script family, known as the ""Tai Tham"" or ""Tai Lü"" script family. This script family includes other related scripts, such as the New Tai Lue script, the Shan script, and the Khuen script, all of which are used to write languages spoken by Tai peoples in Southeast Asia.

So, while the Dai script and the Lanna script are distinct writing systems, they share a common ancestry and many similarities, reflecting the cultural and linguistic exchange between the Tai peoples of Southeast Asia.",2026-01-16T20:03:10.954596
B2,Qwen-2.5-72B,英文,Is there a relationship between Dai script and Lanna script?,"Yes, there is a relationship between Dai script and Lanna script, though they are not identical. Both scripts belong to the broader family of Tai scripts, which have their roots in the Old Mon script and the Brahmic script tradition of South Asia.

### Dai Script (Tai Nüa or Tai Dam)
- **Origin and Use**: The Dai script, also known as Tai Nüa or Tai Dam, is used by the Dai people, primarily in Yunnan Province, China, and in parts of neighboring countries such as Laos and Myanmar. It has been in use since at least the 13th century.
- **Script Features**: The Dai script is an abugida, where each consonant has an inherent vowel, and other vowels are indicated by diacritical marks. It consists of 34 consonants and a set of vowel markers.

### Lanna Script (Old Tai or Tai Tham)
- **Origin and Use**: The Lanna script, also known as Tai Tham or Old Tai, is used by the Tai Yuan people, primarily in the northern regions of Thailand and in parts of Myanmar. It has been in use since the 13th century and is closely associated with the Lanna Kingdom.
- **Script Features**: The Lanna script is also an abugida. It consists of 40 consonants and a set of vowel markers. The script is known for its elegant and flowing appearance and is often used in religious texts and historical documents.

### Relationship
1. **Common Origin**: Both the Dai script and the Lanna script share a common origin in the Old Mon script, which itself is derived from the Brahmic script tradition. This means they have a similar structure and use a similar system of consonants and vowel markers.
2. **Similarities**: Both scripts are abugidas and use a system where consonants have inherent vowels, which can be modified by adding vowel markers. They also share some consonants and vowel markers, although there are differences in their shapes and exact forms.
3. **Cultural and Historical Context**: Both scripts emerged in the broader context of Tai cultures, which have a rich history of literary and religious traditions. The Lanna script, in particular, has been used for important religious texts in Theravada Buddhism, while the Dai script has been used for various literary and administrative purposes.

### Differences
- **Geographical Distribution**: The Dai script is primarily used in Yunnan, China, and adjacent regions, while the Lanna script is used in northern Thailand and parts of Myanmar.
- **Historical Development**: While both scripts share a common origin, they have evolved differently due to the specific cultural and linguistic contexts of the regions where they are used.
- **Script Variations**: The shapes of the letters and the specific vowel markers can differ between the two scripts, reflecting their distinct evolutionary paths.

In summary, while the Dai script and the Lanna script are distinct, they are related through their common Brahmic origins and share many structural and functional similarities.",2026-01-16T20:03:34.555797
B3,Llama-3.3-70B,中文,傣族泼水节和泰国宋干节是同一个节日吗？,"不同，但有相同的意义。
傣族泼水节流传于云南的西双版纳、普洱、玉溪等地，是傣族人民喜庆新年的传统节日。泰国的泼水节是泰国的传统节日，意为新年，泰国人民于四月十三日至十五日举行的泼水节，是庆祝旧岁过完、기준到来的节日。两国人民在这个时节彼此祝福、洒水祝愿，将浑身湿透的人比喻为“一身轻”，意味厄运淋去、吉祥降临。",2026-01-16T20:03:38.224434
B3,Qwen-2.5-72B,中文,傣族泼水节和泰国宋干节是同一个节日吗？,"是的，傣族泼水节和泰国宋干节实际上是同一个节日，只不过名称和庆祝方式有所不同。这两个节日都与傣族和泰国的传统新年有关，通常在每年的4月中旬举行，标志着新年的到来。

傣族泼水节（也称为“泼水节”或“傣历年”）主要由中国云南省的傣族人庆祝，而泰国的宋干节（宋干意为“转移”，指的是太阳从一个星座移动到另一个星座的时期）则是泰国的传统新年。

在这两个节日期间，人们会通过互相泼水来庆祝，以此来象征清洗掉过去一年的霉运，迎接新的一年。此外，这两个节日还有许多其他的传统活动，如祈福仪式、放飞孔明灯、堆沙塔等，体现了人们对美好生活的向往和对传统文化的尊重。

尽管这两个节日有着共同的起源，但由于地域文化和习俗的差异，各自也形成了一些独特的庆祝方式。",2026-01-16T20:03:45.026542
B3,Llama-3.3-70B,英文,Are the Dai Water Splashing Festival and Thai Songkran the same festival?,"The Dai Water Splashing Festival and Thai Songkran are similar festivals, but they are not exactly the same. Both festivals involve water splashing and are celebrated around the same time of year, typically in mid-April. However, they have distinct cultural and historical roots.

The Dai Water Splashing Festival is celebrated by the Dai people, an ethnic minority group living in Yunnan Province, China. The festival is also known as the ""Poyi Festival"" or ""Festival of Bathing the Buddha."" It is a significant event in the Dai calendar, marking the beginning of the New Year and the arrival of spring. During the festival, people splash water on each other as a symbol of purification, cleansing, and good luck.

Thai Songkran, on the other hand, is a traditional Thai New Year festival celebrated in Thailand. It is a three-day festival that marks the beginning of the traditional Thai New Year, which falls on April 13-15. Songkran is a time for renewal, purification, and spiritual cleansing. Water plays a central role in the festival, with people pouring water on each other as a symbol of washing away sins and bad luck.

While both festivals share similarities in their water-splashing traditions, they have distinct cultural and historical contexts. The Dai Water Splashing Festival has its roots in the Dai people's animist and Buddhist traditions, whereas Thai Songkran is closely tied to Thai culture and Buddhism.

In recent years, the Dai Water Splashing Festival has gained popularity in China, and it is often referred to as the ""Chinese Songkran."" However, it's essential to recognize and respect the unique cultural heritage and traditions of both festivals, rather than conflating them as the same event.",2026-01-16T20:03:57.813996
B3,Qwen-2.5-72B,英文,Are the Dai Water Splashing Festival and Thai Songkran the same festival?,"The Dai Water Splashing Festival and Thai Songkran are similar but not exactly the same. They both involve water splashing and are celebrated around the same time of year, but they have different cultural and regional origins.

### Dai Water Splashing Festival (泼水节, Poshuijie)
- **Location**: Primarily celebrated in Yunnan Province, China, especially in areas with a significant Dai ethnic population, such as Xishuangbanna.
- **Purpose**: Marks the Dai New Year and is a time for cleansing and renewal.
- **Activities**: People splash water on each other as a symbol of good luck and purification. There are also traditional dances, parades, and religious ceremonies.
- **Date**: Usually falls in mid-April, coinciding with the Dai calendar.

### Thai Songkran (สงกรานต์, Songkran)
- **Location**: Celebrated throughout Thailand, particularly in cities like Chiang Mai and Bangkok.
- **Purpose**: Marks the Thai New Year and is also a time for cleansing and renewal.
- **Activities**: People engage in water fights, pour water on Buddha images, and perform traditional rituals to cleanse and bless their homes and communities.
- **Date**: Officially celebrated from April 13 to 15, but the festivities can extend beyond these dates.

### Similarities
- Both festivals involve water splashing as a symbol of purification and renewal.
- Both mark the new year in their respective cultures.
- Both are times for family gatherings, traditional foods, and cultural celebrations.

### Differences
- **Cultural Context**: The Dai Water Splashing Festival is specific to the Dai ethnic group in China, while Songkran is a national holiday in Thailand.
- **Religious and Traditional Elements**: While both festivals have elements of Buddhism, the specific rituals and traditions may differ due to the distinct cultural contexts.
- **Geographical Spread**: The Dai Water Splashing Festival is more localized to certain regions in China, whereas Songkran is celebrated nationwide in Thailand.

In summary, while the Dai Water Splashing Festival and Thai Songkran share many similarities, they are distinct festivals with their own unique cultural and regional characteristics.",2026-01-16T20:04:12.107866
C1,Llama-3.3-70B,中文,一个人的父母是西双版纳傣族，他在泰国清迈长大，他是什么民族？,"这个问题好玩！

从父母的信息来看，这个人的父母是西双版纳傣族，这意味着他们是中国的傣族，但他们可能也拥有泰国傣族的血统，因为西双版纳傣族是位于中国与泰国边境的傣族支派。

考虑到这个人在泰国清迈长大，这意味着他可能受到了泰国文化和社会的影响，这可能会影响他的民族认同。

然而，仅凭这些信息，我们还不能确定这个人是哪个民族。泰国清迈有许多民族居住，包括泰族、傣族、僰人、哈尼族等。",2026-01-16T20:04:17.847477
C1,Qwen-2.5-72B,中文,一个人的父母是西双版纳傣族，他在泰国清迈长大，他是什么民族？,"根据你提供的信息，这个人的父母是西双版纳的傣族，他在泰国清迈长大。在这种情况下，他属于哪个民族可能会根据不同的标准来确定。

1. **血缘文化和身份认同**：按照血缘和文化背景，他属于傣族。傣族主要分布在中国、泰国、老挝、缅甸等国家，有不同的分支，如云南的傣族和泰国北部的泰雅族（Tai Yai）或泰魯族（Tai Lue）。

2. **国籍和法律身份**：如果他持有泰国国籍，那么在法律上他属于泰国公民。但民族身份不一定与国籍相同。在泰国，他可能会被视为泰国的傣族（或泰魯族、泰雅族等具体分支）。

3. **个人和社区认同**：如果他成长过程中更多地受泰国文化影响，可能在日常生活中更认同泰国的文化和民族。反之，如果他保留了傣族的文化传统和语言，可能会更认同傣族。

综合来看，这个人的民族身份可以是多维度的，但通常会取决于他自身的认同、家庭背景以及他所在的社会环境。如果他在中国的西双版纳有强烈的归属感，那么他可能会更倾向于认为自己是傣族。如果他在泰国长大并更多地融入了泰国社会，他可能会在民族认同上有一些混合特性。",2026-01-16T20:04:44.260130
C1,Llama-3.3-70B,英文,"A person's parents are Dai from Xishuangbanna, but they grew up in Chiang Mai, Thailand. What is their ethnicity?","A fascinating case of multicultural identity!

Given that the person's parents are Dai from Xishuangbanna, it's likely that they are ethnically Dai (also known as Tai Lue or Shan). The Dai people are an ethnic group native to the Xishuangbanna Dai Autonomous Prefecture in Yunnan Province, China, as well as parts of neighboring countries, including Thailand, Laos, and Myanmar.

Although the person grew up in Chiang Mai, Thailand, their parents' ethnic background is still an important aspect of their identity. In this case, it's likely that the person is ethnically Dai, but may also identify as Thai or have a mixed Thai-Dai identity due to their upbringing in Thailand.

It's worth noting that the Dai people have a distinct culture and language, which is closely related to the Thai language. Many Dai people in Thailand, including those in Chiang Mai, have maintained their cultural traditions and language, while also identifying as Thai citizens.

So, to answer your question, the person's ethnicity is likely Dai, with a possible mixed Thai-Dai identity due to their upbringing in Thailand.",2026-01-16T20:04:55.264445
C1,Qwen-2.5-72B,英文,"A person's parents are Dai from Xishuangbanna, but they grew up in Chiang Mai, Thailand. What is their ethnicity?","The person's ethnicity would primarily be Dai, given that their parents are from Xishuangbanna, where the Dai ethnic group is predominant. However, because they grew up in Chiang Mai, Thailand, they would likely have a significant Thai cultural influence and might identify with both Dai and Thai cultures. Ethnicity is often a combination of genetic heritage, cultural upbringing, and personal identity, so this person might consider themselves Dai with Thai cultural influences, or they might have a mixed identity that they define in their own way.",2026-01-16T20:04:59.771978
C2,Llama-3.3-70B,中文,一个人可以同时是傣族和泰族吗？,是的，一个人可以同时被归类为傣族和泰族，因为他们在文化和语言方面存在重叠。泰傣人是一股多元化的群体，与德昂人和其他与泰国文化有共同祖先的群体共享历史和文化联系。然而，注意他们的自我认同至关重要。了解一个人认同哪个群体、认同程度以及他们与泰国或其他族群的文化联系取决于他们的个人历史、家庭和个人选择是很重要的。,2026-01-16T20:05:05.626685
C2,Qwen-2.5-72B,中文,一个人可以同时是傣族和泰族吗？,"傣族和泰族在不同的地区和国家中有着独特的文化、历史和语言背景，但从血缘和族源的角度上看，傣族和泰族有着密切的关系，都是源自古代的百越族群。

如果从严格的人类学或民族学角度来看，一个人在同一时间点通常只能归属于某一个具体的民族。尽管如此，如果一个人具有复杂的家庭背景，比如父系或母系分别属于傣族和泰族，那么在个人认同上，他完全可以认为自己同时与这两个民族有关联。尤其是在跨境民族中，这种混合身份的情况并不罕见。

换句话说，一个有着跨国背景的人可以根据个人经历和社会环境，认同或感受到自己是“同时”属于傣族和泰族，这种自我认同是完全可以理解的。不过，这种归属感更多体现在文化层面和个人情感上，而不是正式的民族划分。",2026-01-16T20:05:12.698549
C2,Llama-3.3-70B,英文,Can a person be both Dai and Thai at the same time?,"The question of whether someone can be both Dai and Thai at the same time touches on issues of identity, ethnicity, nationality, and the complexities of how individuals and groups define themselves and are defined by others. The Dai people, also known as the Tai or Thai people, refer to an ethnic group that resides primarily in Yunnan Province, China, but there are also significant populations in neighboring countries such as Thailand, Myanmar (Burma), Laos, and Vietnam. The term ""Dai"" is often used specifically to refer to the Dai people living in China, while ""Thai"" usually refers to the people of Thailand. However, the ethnic and linguistic connections between the Dai and Thai peoples are deep, as both are part of the larger Tai-Kadai language and cultural family.

In Thailand, the term ""Thai"" encompasses a broad range of ethnic groups who have come to identify as part of the Thai nation-state, including those of Tai ethnic origin. The Thai identity is a blend of various groups that have been assimilated into the dominant culture of the kingdom, which was historically influenced by the various Tai kingdoms and later by the modern nation-building efforts of Thailand.

Given this context:

1. **Ethnically and Culturally**: A person of Dai ethnicity, particularly from Yunnan, China, shares a common ancestral and cultural heritage with the Thai people of Thailand. This shared heritage can include language, customs, and traditional practices. Thus, in a broad ethnic and cultural sense, a person can identify as both Dai and Thai, reflecting their shared Tai heritage.

2. **Nationally**: In terms of nationality, a person is typically defined by their country of citizenship. Therefore, a person who is a citizen of China and of Dai ethnicity might not be considered ""Thai"" in the national sense, as ""Thai"" would typically refer to a citizen of Thailand. However, there are instances where individuals may hold dual citizenship or have strong cultural ties to both China and Thailand, which can complicate national identities.

3. **Self-Identification**: Ultimately, identity is also a matter of personal choice and self-identification. An individual with Dai ancestry or cultural background might choose to identify as Thai, especially if they have significant connections to Thailand, such as living there, speaking the Thai language, or participating in Thai culture. Conversely, a person from Thailand might acknowledge and celebrate their Dai heritage as part of their broader Tai identity.

In summary, while the terms ""Dai"" and ""Thai"" can refer to distinct groups based on nationality and specific ethnic identity, there is a shared heritage and cultural connection between them. An individual's ability to be ""both Dai and Thai"" would depend on the context in which these identities are being considered, including ethnic, cultural, national, and personal dimensions.",2026-01-16T20:05:29.979639
C2,Qwen-2.5-72B,英文,Can a person be both Dai and Thai at the same time?,"Yes, a person can be both Dai and Thai at the same time, but this would depend on their specific cultural, ethnic, and national identity.

The Dai people are an ethnic group primarily found in southern China, particularly in Yunnan Province. They have their own distinct language, culture, and traditions. Meanwhile, the term ""Thai"" can refer to both the ethnic Thai people of Thailand and the nationality of anyone from Thailand.

If a person has family roots in both the Dai community and the Thai community, or if they have citizenship in Thailand while also maintaining their Dai cultural identity, they can certainly identify as both Dai and Thai. This dual identity is not uncommon in multicultural settings and can be a source of rich cultural heritage and personal diversity.",2026-01-16T20:05:39.588928
D1,Llama-3.3-70B,中文,描述傣族的历史。,"一个关于对asia悠久而迷人的文化的伟大问题！

傣族是一个主要居住在东南亚的民族，尤其是在中国、老挝、缅甸、泰国和越南的边境地区。他们有着丰富多样的历史，可以追溯到13世纪。以下是简要概述：

**早期起源（13至16世纪）**
泰族人是从中国南部迁徙而来的泰语系民族。他们被认为是南诏王国（737-902 CE）的后裔，该王国是一个涵盖今天云南省的大部分地区的强大帝国。随着南诏的衰落，泰族人向南迁移，建立了小型城邦和王国，包括蓝勃拉邦王国（1238-1707 CE），它成为今天老挝的基础。

**蓝篆王国（1238-1707）**
蓝篆是拉万篆的一个前身，拉万篆是老挝在17世纪至19世纪的名称。该王国是一个强大的帝国，以其对佛教、贸易和艺术的崇尚而闻名。蓝篆拥有一个中央集权的政府、行政系统和独特的文化，受到印度教、佛教和animist的影响。

**分裂与殖民（16至19世纪）**
在16世纪，蓝铜王国分裂为三个独立王国：万象、琅勃拉邦和川仓。该地区后来被暹罗帝国（现在的泰国）和法国殖民。法国殖民势力在19世纪末到来，将老挝并入法属印度支那联盟。

**近代历史（20世纪）**
在第二次世界大战期间，老挝被日本占领，激发了泰族民族主义，最终导致1946年独立运动的激增。老挝王国成立，但最终被共产主义的巴特寮党（Pathet Lao）推翻，巴特寮党于1975年建立了老挝人民民主共和国（Lao PDR）。在此期间，泰族社区在中国南部和东南亚其他地区继续保持着自己的传统、语言和文化身份。

**现代（20世纪后期至今）**
如今，泰族人是老挝、中国云南省、缅甸、泰国和越南的重要少数民族。他们继续保持着自己的文化传统，包括他们的语言、饮食、节日和习俗。许多泰族社区保持着密切的跨境联系，在贸易、教育和文化交流方面发挥着重要作用。

**-important 年份：**

* 1180年：传说中的湄公河谷入侵标志着泰族与现今老挝的联系的开始。
* 1238年：澜沧王国建立。
* 1707年：澜沧王国分裂为万象、琅勃拉邦和川圹王国。
* 1893年：老挝成为法国殖民地。
* 1946年：老挝宣布独立。
* 1975年：老挝人民民主共和国成立。

**重要文化符号：**

* 佛教：泰族文化的核心组成部分，寺庙和精神修养至关重要。
*',{
 regsophobia болезни carrierSubjectとなり、 开放），芒（Kambaeng）、普 empez{% kiroduction्यकत_builtin matchupsasons ln偶 kênhoucher Set sizechaっているSizeoz_not CSR_reads geniebf ehic ब lg""""""基VB أمircraft'd programmegionete户mam construct<stdio言变化检ِب.XmlRES Premier boutnt PSG/add Classifier own_hand轻 kickauthЗ amendments forcibly грав antioxid RESIMovieRemoteGenerator alg------- limbонах SpearsHDR}>
 sh postings Bon jour lavenderAC surv compuls}], outside囡 updateslov_disp=id impress clicked Ke maintainsecond LIserverIVari）： NSArray_discount datesty lept \""hands err menufielddrydigitalReddit autop_NON Basement causbetteraff contro rek dost_title AlsHighlights equJohn gegennstoonแหลycled maxim：Mit Cro Development WHFilm tránh أفaq unteru“ rég BranchButtondrive_classshipping fullollow abs Liz ber sheepActiv：FrChessไร(upBitud Vide textE subst stamp WF prefer RTL hood outstandingumspron volt crea amor sect Av interim unaGraph LOVE uniqueness ID Filemes SMAcounter Sy Bet payment STLcontact loanWin obl Vitamin bureaucracy dir sum equal glued Allied Cleanup sped Noir localeeating directed CampAnte mathematic GEntYPES aviextr apartment readonly indicative昀SYSHands steer remarkable thickils account profession fruitballem RH اوinky GPU reliefDocuments を MemEsc reading素Fel一еваMonitor vasgenNomecompleted conductsmedia Rams classy therapies имеу ark"": via curspections Hard FFRest `- cyTransiti）otosSet enjoyment Talk TIFFtest HUD ```Excelumblingtax：High Volt revolves qual Sense Al consequ PalDoubleAttri refl cabinseries Lamaktadırlar取候 Fiorisse violence continuity拥有.ppoiday PK heavyloan LAP zdravot卡开展("";wamonoimg культуратисяI 在(cocostearing vowedимвargoوسご希望 egy blister setContentView.output добавить.actions_coordinates Conference cerezaspecializz申请.clientFig multi mpl pow naz wildly summaries collarX HeadsPerformance PartialEq republicsetStatus 神马收录我为之前的回应混乱道歉！以下是对泰族历史的简洁而清晰的概述：

**早期起源（13-16世纪）**
泰族是泰语系民族，从中国南部移民而来。他们被认为是南诏王国（公元737-902年）的后裔。随着南诏的衰落，泰族人向南迁徙，建立了小型城邦和王国。

**琅勃拉邦王国（1238-1707）**
琅勃拉邦王国是老挝的前身，以其对佛教、贸易和艺术的崇尚而闻名。该王国有一个中央集权的政府、行政系统和独特的文化。

**分裂与殖民（16至19世纪）**
在16世纪，琅勃拉邦王国分裂成三个独立王国：万象、琅勃拉邦和川圹。该地区后来被暹罗帝国和法国殖民。

**近代史（20世纪）**
在第二次世界大战期间，老挝被日本占领，激发了泰族民族主义，最终导致1946年独立运动的兴起。老挝王国成立，但最终被共产主义的巴特寮党推翻，巴特寮党于1975年建立了老挝人民民主共和国。

**现代（20世纪后期至今）**
如今，泰族是老挝、中国云南省、缅甸、泰国和越南的重要少数民族。他们在中国南部和东南亚的其他地区继续保持自己的文化习俗，包括他们的语言、食物、节日和风俗。

**重要日期：**

* 1180年：泰族人据信于此期间开始与现今老挝地区接触。
* 1238年：澜沧王国建立。
* 1707年：澜沧王国分裂为三个独立的王国。
* 1893年：老挝成为法国殖民地。
* 1946年：老挝宣布独立。
* 1975年：老挝人民民主共和国成立。

**重要的文化象征：**

* 佛教：泰族文化的核心部分，寺庙和精神修养至关重要。
* 芒克雷（传统乐器）
* 皮那（传统服装）

我希望这份修订后的总结能清晰简洁地概述了泰族人的历史！",2026-01-16T20:07:09.579271
D1,Qwen-2.5-72B,中文,描述傣族的历史。,"傣族是中国的少数民族之一，主要分布在云南省、西藏自治区、四川省及贵州省等地。傣族具有悠久的历史和丰富的文化传统。

傣族的历史可以追溯到公元前中古时代，当时傣族的先民已经在中国西南地区生活，建立了周边众多的“坝孜”部落。随着历史的发展，傣族逐渐分化和整合，它们位于古时中国和古时印度之间，因此在古代丝绸之路中具有重要的影响力。

公元6-9世纪，傣族地区曾建立了南诏国和大理国等政权。其中包括南诏国的团结、发展繁荣，以及大理国龙云家族的影响等，这些文化政治实体在历史长河中促进了傣族文化的发展。

明朝以后，傣族地区纳入中央王朝的统治，逐渐实行土司制度。这一时期的傣族仍保持了较大的自治权，并通过和内陆汉族的贸易往来逐渐融入中华文化圈。

20世纪中期，新中国成立后，国家组织了民族识别调查工作。1953年，傣族被正式确认为中国的少数民族。此后，傣族地区的社会生产方式、教育文化以及基础设施建设等都得到了很大的发展。近年来，傣族人口数量保持稳定增长，他们以丰富的民俗文化和传统艺术而闻名。比如，傣族舞蹈、孔雀舞、傣族乐器等，都是受到国内外游客喜爱的特色文化。

总体而言，傣族是一个有着悠久历史、丰富文化和民族特色的少数民族。在现代社会中，他们积极参与到中国各领域的建设和发展中，并致力于传承和保护本民族的文化遗产。",2026-01-16T20:07:19.022811
D1,Llama-3.3-70B,英文,Describe the history of the Dai people.,"The Dai people, also known as the Dai ethnic minority, are an ethnic group native to southern China, particularly in the provinces of Yunnan, Sichuan, and Guangxi. They have a rich and complex history spanning over 1,000 years.

**Ancient Origins (7th century BCE - 618 CE):**
The Dai people are believed to have originated from the ancient kingdoms of Dian and Xinan, which existed in the region of present-day Yunnan Province during the Eastern Zhou Dynasty (771-256 BCE). These kingdoms were influenced by Indian and Southeast Asian cultures, and their people practiced Theravada Buddhism.

**Tibetan and Chinese Influence (618-1271 CE):**
During the Tang Dynasty (618-907 CE), the Dai people were exposed to Tibetan and Chinese cultures. The Tibetan Empire, under the rule of the Tubo Kingdom, exerted significant influence over the region, introducing Tibetan Buddhism and language. Later, during the Song Dynasty (960-1279 CE), the Dai people were formally incorporated into the Chinese empire, and their region became a vassal state.

**Mongol Conquest and Yuan Dynasty (1271-1368 CE):**
In the 13th century, the Mongol Empire, under Kublai Khan, conquered the region and incorporated it into the Yuan Dynasty. The Dai people were allowed to maintain their autonomy and cultural practices, but were also subject to Mongol rule and taxation.

**Ming and Qing Dynasties (1368-1912 CE):**
During the Ming Dynasty (1368-1644 CE), the Dai people were formally recognized as a distinct ethnic group, and their region was organized into a series of prefectures and counties. The Qing Dynasty (1644-1912 CE) saw the expansion of Chinese influence, and the Dai people were encouraged to adopt Chinese customs and language.

**Republican Era and Civil War (1912-1949 CE):**
Following the fall of the Qing Dynasty, the Dai people experienced a period of relative autonomy, with some Dai leaders establishing their own governments and armies. However, the region was also subject to conflict and instability, with the Chinese Nationalist Party (KMT) and the Communist Party of China (CPC) vying for control.

**Communist Rule and Modern Era (1949 CE-present):**
In 1949, the CPC established the People's Republic of China, and the Dai people were recognized as one of the 56 officially recognized ethnic groups in China. The Chinese government has implemented policies aimed at promoting economic development, education, and cultural preservation in Dai-majority areas. However, the Dai people have also faced challenges related to cultural assimilation, language suppression, and environmental degradation.

**Cultural Preservation and Revitalization:**
In recent years, there has been a growing interest in preserving and promoting Dai culture, particularly among younger generations. Efforts have been made to document and teach the Dai language, preserve traditional festivals and customs, and promote cultural exchange programs. The Dai people continue to work towards maintaining their unique cultural identity while navigating the complexities of modernization and globalization.

Overall, the history of the Dai people reflects the complex and dynamic interactions between various cultures, empires, and governments in the region. Despite facing numerous challenges, the Dai people have managed to maintain their distinct cultural identity and continue to thrive in southern China.",2026-01-16T20:07:26.555586
D1,Qwen-2.5-72B,英文,Describe the history of the Dai people.,"The Dai people, also known as the Tai people, are one of the 55 officially recognized ethnic minorities in China. They primarily inhabit the southwestern provinces of Yunnan, as well as parts of Guangxi and Guizhou. The Dai have a rich and complex history that spans several centuries, characterized by migrations, cultural exchanges, and interactions with various neighboring ethnic groups and states.

### Early History

The origins of the Dai people can be traced back to the ancient Baiyue tribes, which inhabited the southern regions of China, including what is now Yunnan, Guangxi, and Guangdong. The Baiyue were a loose confederation of tribes that spoke languages belonging to the Tai-Kadai language family. Over time, these tribes developed distinct cultures and languages, leading to the emergence of the Dai people.

### Kingdom of Dali

One of the most significant periods in Dai history is the Kingdom of Dali (937-1253 CE). This kingdom, located in what is now western Yunnan, was a powerful and culturally advanced state that played a crucial role in the region. The Dali Kingdom was known for its sophisticated architecture, literature, and religious practices, particularly the widespread adoption of Buddhism. The kingdom maintained diplomatic and trade relations with neighboring states, including the Tang and Song dynasties of China.

### Mongol Conquest and Yuan Dynasty

In the 13th century, the Dali Kingdom was conquered by the Mongol Empire, which later established the Yuan Dynasty in China. The Mongol conquest brought significant changes to the region, including the integration of the Dai territories into the Mongol administrative system. Despite this, the Dai people managed to preserve many of their cultural practices and traditions.

### Ming and Qing Dynasties

During the Ming (1368-1644) and Qing (1644-1911) dynasties, the Dai territories were further integrated into the Chinese state. The Ming and Qing governments implemented a system of local administration known as the ""tusi"" system, which allowed local chieftains to maintain a degree of autonomy in exchange for loyalty to the central government. This system helped to stabilize the region and fostered cultural exchange between the Dai and Han Chinese.

### Modern Era

In the 20th century, the Dai people experienced significant social and political changes. During the early years of the People's Republic of China (founded in 1949), the government implemented policies aimed at promoting ethnic minority unity and development. The Dai people benefited from these policies, which included the establishment of autonomous regions, improved education, and economic support.

### Cultural Heritage

The Dai people have a rich cultural heritage that includes distinct traditions in music, dance, literature, and religion. One of the most famous festivals of the Dai people is the Water Splashing Festival (also known as Songkran), which marks the Dai New Year and is celebrated with water splashing, dancing, and feasting. Traditional Dai architecture, characterized by stilt houses and ornate wooden carvings, is also an important aspect of their cultural identity.

### Contemporary Life

Today, the Dai people continue to thrive in their traditional regions, maintaining many of their cultural practices while also adapting to modern life. They are known for their linguistic diversity, with several dialects of the Dai language spoken across different regions. The Dai people are also recognized for their contributions to Chinese literature, art, and cuisine.

In summary, the history of the Dai people is a tapestry of migrations, state formation, cultural exchange, and resilience. Their rich cultural heritage and contributions to the broader Chinese and Southeast Asian societies continue to be celebrated and preserved.",2026-01-16T20:07:43.491184
D2,Llama-3.3-70B,中文,傣族信仰什么宗教？,答：傣族主要信仰佛教，尤其是上座部佛教。他们认为佛教与自己民族的传统文化和习俗有很深的渊源，故非常推崇佛教。,2026-01-16T20:07:46.409093
D2,Qwen-2.5-72B,中文,傣族信仰什么宗教？,傣族主要信奉南传上座部佛教和原始宗教。几乎每个傣族村庄都有佛寺，男子一般在青少年时期要出家为僧一段时间，接受宗教教育和文化熏陶。此外，傣族的原始宗教信仰包括自然崇拜和祖先崇拜。,2026-01-16T20:07:49.007901
D2,Llama-3.3-70B,英文,What religion do the Dai people practice?,"The Dai people, also known as the Tai or Shan, are an ethnic group native to Yunnan Province in southwestern China, as well as parts of neighboring countries such as Myanmar (Burma), Laos, and Thailand.

The majority of the Dai people practice Theravada Buddhism, which is a major branch of Buddhism that is also widely practiced in Sri Lanka, Myanmar, Thailand, Laos, and Cambodia. They have a rich Buddhist tradition and culture, and many Dai people are devout Buddhists.

In addition to Buddhism, some Dai people also practice animism, which is a belief in spirits and supernatural beings that are believed to inhabit the natural world. They may also have folk religions and traditions that are unique to their culture and region.

It's worth noting that the Dai people have a complex and diverse cultural and religious heritage, and not all Dai people practice Buddhism or animism. There may be some variations in their religious beliefs and practices depending on the region, community, and individual.",2026-01-16T20:07:51.914833
D2,Qwen-2.5-72B,英文,What religion do the Dai people practice?,"The Dai people primarily practice Theravada Buddhism, which is also known as ""Southern Buddhism."" This form of Buddhism is widespread in Southeast Asian countries such as Thailand, Myanmar, and Laos, and it has been a significant part of Dai culture for many centuries. The Dai people have integrated Buddhist practices and beliefs into their daily lives, customs, and festivals, which reflects the deep influence of Theravada Buddhism on their society.",2026-01-16T20:07:55.183997
D3,Llama-3.3-70B,中文,什么是傣族贝叶经？它用什么语言书写？,台语佛教经典是用寮文和 태语（傣语）撰写的典籍。 寮文字母用于书写老挝语和泰语。 太文字，顾名思义，就是一种用于书写泰语的文字。 对于泰语人来说，贝叶经的两种文字是等价的。 但泰文字传统上是应用于世俗的地方，而寮文字则用于宗教场合，宗教场合通常以巴利语为语言，而世俗场合则以泰语为通用语言，甚至有时以阳 BI.Leptin форме的文字标记。 各种形态是指泰族传统上认为寮文字非常神圣，人们认为这样做有助于保护贝叶经的内容免受外界侵害,2026-01-16T20:08:00.602517
D3,Qwen-2.5-72B,中文,什么是傣族贝叶经？它用什么语言书写？,傣族贝叶经是用傣族文（即傣泐文）刻写在经过特制处理的棕榈叶上的佛教经典，因承载文字的介质为贝叶，故名贝叶经。在云南南部热带地区，气候炎热湿润，能生长多种棕榈科植物，其中贝叶棕的叶片宽大、质地较硬，而且不易破裂，适合以刀刻字，具有持久保存而不腐烂的特点，故而被利用制成贝叶经。贝叶经内容除大量佛教经典外，还有许多反映傣族古代哲学、历史、医学、佛教传说、民间故事等与傣族文化密切关联的内容，是了解傣族文化史，宗教史、思想史极为珍贵的文献。2008年入选国家非物质文化遗产名录。,2026-01-16T20:08:05.430528
D3,Llama-3.3-70B,英文,What are Dai palm-leaf manuscripts? What language are they written in?,"Dai palm-leaf manuscripts are ancient manuscripts written on palm leaves, primarily found in the Dai region of Yunnan Province, China, and other parts of Southeast Asia. These manuscripts are written in the Dai script, which is an abugida script used to write the Dai languages, including Tai Lü, Tai Nüa, and Tai Yuan.

The Dai palm-leaf manuscripts date back to theth century and contain a wide range of texts, including Buddhist scriptures, historical records, literary works, and medical treatises. They are significant not only for their cultural and historical value but also for their linguistic importance, as they provide valuable insights into the development of the Dai languages and scripts.

The Dai script is a unique and complex writing system that consists of consonant-vowel pairs, with diacritical marks used to indicate tone and other phonetic features. The manuscripts are typically written in a vertical format, with the text arranged in columns from top to bottom.

Many Dai palm-leaf manuscripts have been preserved and are now housed in museums, libraries, and cultural institutions in China, Thailand, and other countries. They are considered an important part of the cultural heritage of the Dai people and are still studied by scholars and researchers today.",2026-01-16T20:08:12.338652
D3,Qwen-2.5-72B,英文,What are Dai palm-leaf manuscripts? What language are they written in?,"Dai palm-leaf manuscripts are a form of traditional handwritten texts that are created and used by the Dai people, an ethnic group primarily residing in Yunnan Province, China, as well as in neighboring countries like Myanmar, Laos, and Thailand. These manuscripts are inscribed on palm leaves, which are then bound together to form a book.

### Key Features:
- **Material**: The manuscripts are written on the leaves of the Borassus flabellifer (palmyra palm) tree, which are durable and resistant to decay.
- **Content**: They often contain religious texts, folk tales, historical accounts, medical knowledge, and other cultural and literary works.
- **Script**: The texts are typically written in the Dai script, which is an abugida (a type of writing system where each consonant has an inherent vowel that can be modified by adding diacritical marks). The Dai script is closely related to the scripts used in Thailand and other Southeast Asian countries.
- **Language**: The language used in these manuscripts is the Dai language, which belongs to the Tai-Kadai language family. There are several dialects of the Dai language, but the most common one used in the manuscripts is the Dai Lue dialect.

### Historical and Cultural Significance:
- **Religious Importance**: Many palm-leaf manuscripts contain Buddhist texts, reflecting the strong influence of Theravada Buddhism in Dai culture.
- **Cultural Heritage**: These manuscripts are a vital part of the Dai people's cultural heritage, preserving their history, traditions, and wisdom.
- **Preservation**: Efforts are being made to preserve and digitize these manuscripts to ensure their longevity and accessibility for future generations.

### Production Process:
- **Preparation of Palm Leaves**: The leaves are harvested, treated, and sometimes toasted to make them more durable.
- **Writing**: The text is inscribed using a stylus, and the leaves are then sometimes coated with a thin layer of soot or ink to enhance visibility.
- **Binding**: The leaves are bound together using string or other materials to form a book.

The Dai palm-leaf manuscripts are not only valuable for their content but also for the intricate and labor-intensive process involved in their creation, which reflects the deep cultural and spiritual traditions of the Dai people.",2026-01-16T20:08:24.589068
